Ip,Mac,Owner,Comment,Device
140.116.1.1,asfd,,,
140.116.1.2,,,,
140.116.1.3,,,,
140.116.1.4,,,,
140.116.1.5,,,,
140.116.1.6,,,,
140.116.1.7,,,,
140.116.1.8,,,,
140.116.1.9,,,,
140.116.1.10,,,,
140.116.1.11,,,,
140.116.1.12,,,,
140.116.1.13,,,,
140.116.1.14,,,,
140.116.1.15,,,,
140.116.1.16,,,,
140.116.1.17,,,,
140.116.1.18,,,,
140.116.1.19,,,,
140.116.1.20,,,,
140.116.1.21,,,,
140.116.1.22,,,,
140.116.1.23,,,,
140.116.1.24,,,,
140.116.1.25,,,,
140.116.1.26,,,,
140.116.1.27,,,,
140.116.1.28,,,,
140.116.1.29,,,,
140.116.1.30,,,,
140.116.1.31,,,,
140.116.1.32,,,,
140.116.1.33,,,,
140.116.1.34,,,,
140.116.1.35,,,,
140.116.1.36,,,,
140.116.1.37,,,,
140.116.1.38,,,,
140.116.1.39,,,,
140.116.1.40,,,,
140.116.1.41,,,,
140.116.1.42,,,,
140.116.1.43,,,,
140.116.1.44,,,,
140.116.1.45,,,,
140.116.1.46,,,,
140.116.1.47,,,,
140.116.1.48,,,,
140.116.1.49,,,,
140.116.1.50,,,,
140.116.1.51,,,,
140.116.1.52,,,,
140.116.1.53,,,,
140.116.1.54,,,,
140.116.1.55,,,,
140.116.1.56,,,,
140.116.1.57,,,,
140.116.1.58,,,,
140.116.1.59,,,,
140.116.1.60,,,,
140.116.1.61,,,,
140.116.1.62,,,,
140.116.1.63,,,,
140.116.1.64,,,,
140.116.1.65,,,,
140.116.1.66,,,,
140.116.1.67,,,,
140.116.1.68,,,,
140.116.1.69,,,,
140.116.1.70,,,,
140.116.1.71,,,,
140.116.1.72,,,,
140.116.1.73,,,,
140.116.1.74,,,,
140.116.1.75,,,,
140.116.1.76,,,,
140.116.1.77,,,,
140.116.1.78,,,,
140.116.1.79,,,,
140.116.1.80,,,,
140.116.1.81,,,,
140.116.1.82,,,,
140.116.1.83,,,,
140.116.1.84,,,,
140.116.1.85,,,,
140.116.1.86,,,,
140.116.1.87,,,,
140.116.1.88,,,,
140.116.1.89,,,,
140.116.1.90,,,,
140.116.1.91,,,,
140.116.1.92,,,,
140.116.1.93,,,,
140.116.1.94,,,,
140.116.1.95,,,,
140.116.1.96,,,,
140.116.1.97,,,,
140.116.1.98,,,,
140.116.1.99,,,,
140.116.1.100,,,,
140.116.1.101,,,,
140.116.1.102,,,,
140.116.1.103,,,,
140.116.1.104,,,,
140.116.1.105,,,,
140.116.1.106,,,,
140.116.1.107,,,,
140.116.1.108,,,,
140.116.1.109,,,,
140.116.1.110,,,,
140.116.1.111,,,,
140.116.1.112,,,,
140.116.1.113,,,,
140.116.1.114,,,,
140.116.1.115,,,,
140.116.1.116,,,,
140.116.1.117,,,,
140.116.1.118,,,,
140.116.1.119,,,,
140.116.1.120,,,,
140.116.1.121,,,,
140.116.1.122,,,,
140.116.1.123,,,,
140.116.1.124,,,,
140.116.1.125,,,,
140.116.1.126,,,,
140.116.1.127,,,,
140.116.1.128,,,,
140.116.1.129,,,,
140.116.1.130,,,,
140.116.1.131,,,,
140.116.1.132,,,,
140.116.1.133,,,,
140.116.1.134,,,,
140.116.1.135,,,,
140.116.1.136,,,,
140.116.1.137,,,,
140.116.1.138,,,,
140.116.1.139,,,,
140.116.1.140,,,,
140.116.1.141,,,,
140.116.1.142,,,,
140.116.1.143,,,,
140.116.1.144,,,,
140.116.1.145,,,,
140.116.1.146,,,,
140.116.1.147,,,,
140.116.1.148,,,,
140.116.1.149,,,,
140.116.1.150,,,,
140.116.1.151,,,,
140.116.1.152,,,,
140.116.1.153,,,,
140.116.1.154,,,,
140.116.1.155,,,,
140.116.1.156,,,,
140.116.1.157,,,,
140.116.1.158,,,,
140.116.1.159,,,,
140.116.1.160,,,,
140.116.1.161,,,,
140.116.1.162,,,,
140.116.1.163,,,,
140.116.1.164,,,,
140.116.1.165,,,,
140.116.1.166,,,,
140.116.1.167,,,,
140.116.1.168,,,,
140.116.1.169,,,,
140.116.1.170,,,,
140.116.1.171,,,,
140.116.1.172,,,,
140.116.1.173,,,,
140.116.1.174,,,,
140.116.1.175,,,,
140.116.1.176,,,,
140.116.1.177,,,,
140.116.1.178,,,,
140.116.1.179,,,,
140.116.1.180,,,,
140.116.1.181,,,,
140.116.1.182,,,,
140.116.1.183,,,,
140.116.1.184,,,,
140.116.1.185,,,,
140.116.1.186,,,,
140.116.1.187,,,,
140.116.1.188,,,,
140.116.1.189,,,,
140.116.1.190,,,,
140.116.1.191,,,,
140.116.1.192,,,,
140.116.1.193,,,,
140.116.1.194,,,,
140.116.1.195,,,,
140.116.1.196,,,,
140.116.1.197,,,,
140.116.1.198,,,,
140.116.1.199,,,,
140.116.1.200,,,,
140.116.1.201,,,,
140.116.1.202,,,,
140.116.1.203,,,,
140.116.1.204,,,,
140.116.1.205,,,,
140.116.1.206,,,,
140.116.1.207,,,,
140.116.1.208,,,,
140.116.1.209,,,,
140.116.1.210,,,,
140.116.1.211,,,,
140.116.1.212,,,,
140.116.1.213,,,,
140.116.1.214,,,,
140.116.1.215,,,,
140.116.1.216,,,,
140.116.1.217,,,,
140.116.1.218,,,,
140.116.1.219,,,,
140.116.1.220,,,,
140.116.1.221,,,,
140.116.1.222,,,,
140.116.1.223,,,,
140.116.1.224,,,,
140.116.1.225,,,,
140.116.1.226,,,,
140.116.1.227,,,,
140.116.1.228,,,,
140.116.1.229,,,,
140.116.1.230,,,,
140.116.1.231,,,,
140.116.1.232,,,,
140.116.1.233,,,,
140.116.1.234,,,,
140.116.1.235,,,,
140.116.1.236,,,,
140.116.1.237,,,,
140.116.1.238,,,,
140.116.1.239,,,,
140.116.1.240,,,,
140.116.1.241,,,,
140.116.1.242,,,,
140.116.1.243,,,,
140.116.1.244,,,,
140.116.1.245,,,,
140.116.1.246,,,,
140.116.1.247,,,,
140.116.1.248,,,,
140.116.1.249,,,,
140.116.1.250,,,,
140.116.1.251,,,,
140.116.1.252,,,,
140.116.1.253,,,,
140.116.1.254,,,,
